fdc_id,en_description,es_name,aliases
321358,"Hummus, commercial",Hummus comercial,humus|pasta de garbanzos|hummus de garbanzo
321359,"Milk, reduced fat, fluid, 2% milkfat, with added vitamin A and vitamin D",Leche semidescremada 2% (FDC 321359),
321360,"Tomatoes, grape, raw",Tomate cherry crudo,tomates cherry|tomate uva|tomatitos cherry
321505,"Salt, table, iodized",Sal de mesa yodada (FDC 321505),
321611,"Beans, snap, green, canned, regular pack, drained solids",Porotos verdes en conserva,judías verdes en conserva|ejotes en conserva|vainitas en conserva
321900,"Broccoli, raw",Brócoli crudo (FDC 321900),
322228,"Milk, lowfat, fluid, 1% milkfat, with added vitamin A and vitamin D",Leche baja en grasa 1% (FDC 322228),
322559,"Milk, nonfat, fluid, with added vitamin A and vitamin D (fat free or skim)",Leche descremada (FDC 322559),
322892,"Milk, whole, 3.25% milkfat, with added vitamin D",Leche entera (FDC 322892),
323121,"Frankfurter, beef, unheated",Vienesa de vacuno,salchicha de vacuno|salchicha tipo frankfurt|hot dog de vacuno
323294,"Nuts, almonds, dry roasted, with salt added",Almendras tostadas con sal,almendras saladas|almendras tostadas saladas|almendras tostadas en seco con sal
323444,"Cheese, ricotta, whole milk",Queso ricota entero (FDC 323444),
323505,"Kale, raw",Kale crudo,col rizada|berza rizada|col kale
323604,"Egg, whole, raw, frozen, pasteurized",Huevo entero crudo pasteurizado congelado,huevo entero pasteurizado|huevo líquido pasteurizado|huevo pasteurizado congelado
323697,"Egg, white, raw, frozen, pasteurized",Clara de huevo cruda pasteurizada congelada,clara pasteurizada|claras de huevo pasteurizadas|clara líquida pasteurizada
323793,"Egg, white, dried",Clara de huevo en polvo,clara de huevo deshidratada|albúmina en polvo|claras en polvo
324038,"Sauce, salsa, ready-to-serve",Salsa picante tipo mexicana (FDC 324038),
324157,"Sausage, breakfast sausage, beef, pre-cooked, unprepared",Salchicha de desayuno de vacuno precocida (FDC 324157),
324317,"Onion rings, breaded, par fried, frozen, prepared, heated in oven",Aros de cebolla apanados congelados al horno,anillos de cebolla apanados|aros de cebolla al horno|aros de cebolla empanizados
324653,"Pickles, cucumber, dill or kosher dill",Pepinillos al eneldo,pickles al eneldo|pepinillos encurtidos|pepinillos en vinagre al eneldo|pickles de pepino
324860,"Peanut butter, smooth style, with salt",Mantequilla de maní lisa con sal,mantequilla de cacahuate lisa|crema de maní lisa|pasta de maní con sal
325036,"Cheese, parmesan, grated",Queso parmesano rallado,parmesano rallado|queso parmesano en polvo|parmesano seco rallado
325198,"Cheese, pasteurized process, American, vitamin D fortified",Queso americano procesado,queso tipo americano|queso procesado americano|queso fundido americano
325287,"Grapefruit juice, white, canned or bottled, unsweetened",Jugo de pomelo blanco sin azúcar,jugo de toronja blanca|zumo de pomelo blanco|jugo de pomelo envasado
325430,"Peaches, yellow, raw",Durazno amarillo,melocotón amarillo|duraznos amarillos|durazno de pulpa amarilla
325524,"Seeds, sunflower seed kernels, dry roasted, with salt added",Semillas de maravilla tostadas con sal,semillas de girasol tostadas con sal|pipas de girasol tostadas saladas|maravilla tostada con sal
325658,"Sausage, Italian, pork, mild, cooked, pan-fried",Salchicha italiana de cerdo cocida a la sartén (FDC 325658),
325871,"Bread, white, commercially prepared",Pan de molde blanco,pan blanco de molde|pan lactal blanco|pan de sándwich blanco|pan blanco envasado
325992,"Sausage, turkey, breakfast links, mild, raw",Salchicha de pavo para desayuno cruda (FDC 325992),
326135,"Cheese, swiss",Queso suizo (FDC 326135),
326196,"Kale, frozen, cooked, boiled, drained, without salt",Kale congelado cocido,col rizada cocida congelada|col rizada congelada hervida|kale hervido congelado
326458,"Carrots, frozen, unprepared (Includes foods for USDA's Food Distribution Program)",Zanahoria congelada sin preparar (FDC 326458),
326698,"Mustard, prepared, yellow",Mostaza amarilla,mostaza preparada|mostaza americana|mostaza para hot dog
326905,"Figs, dried, uncooked",Higos secos (FDC 326905),
327046,"Kiwifruit, green, raw",Kiwi verde,kiwis|quivi|kiwi fruta verde
327198,"Melons, cantaloupe, raw",Melón cantaloupe (FDC 327198),
327357,"Nectarines, raw",Nectarín,nectarina|nectarinas|durazno pelón
327501,"Oranges, raw, navels (Includes foods for USDA's Food Distribution Program)",Naranja navel (FDC 327501),
327699,"Strawberries, raw",Frutilla (FDC 327699),
327923,"Lettuce, cos or romaine, raw",Lechuga cos cruda (FDC 327923),
328637,"Cheese, cheddar",Queso cheddar,cheddar|queso chedar|queso cheddar amarillo|queso cheddar en bloque
328841,"Cheese, cottage, lowfat, 2% milkfat",Queso cottage bajo en grasa 2%,cottage bajo en grasa|requesón bajo en grasa|queso cottage light|queso cottage semidescremado
329370,"Cheese, mozzarella, low moisture, part-skim",Queso mozzarella semidescremado,mozzarella|mozarella|queso mozzarella baja humedad|queso para pizza
329490,"Egg, whole, dried",Huevo entero en polvo,huevo deshidratado|huevo entero deshidratado|huevo en polvo
329596,"Egg, yolk, raw, frozen, pasteurized",Yema de huevo cruda pasteurizada congelada,yema pasteurizada|yemas de huevo pasteurizadas|yema líquida pasteurizada
329716,"Egg, yolk, dried",Yema de huevo en polvo,yema deshidratada|yemas en polvo|yema de huevo deshidratada
329830,"Cheese, dry white, queso seco",Queso seco (FDC 329830),
330137,"Yogurt, Greek, plain, nonfat",Yogur griego natural descremado,yogurt griego descremado|yogur griego sin grasa|yoghurt griego natural 0%|yogur griego 0% grasa
330415,"Yogurt, Greek, strawberry, nonfat",Yogur griego de frutilla descremado,yogurt griego de frutilla|yogur griego de fresa|yoghurt griego frutilla
330458,"Oil, coconut",Aceite de coco,aceite de coco líquido|coconut oil|aceite de cocos
330869,"Turkey, ground, 93% lean, 7% fat, pan-broiled crumbles",Pavo molido 93% magro cocido a la plancha (FDC 330869),
331897,"Chicken, broilers or fryers, drumstick, meat only, cooked, braised",Pierna de pollo sin piel cocida,trutro de pollo sin piel cocido|drumstick de pollo cocido|pierna de pollo braseada|pierna de pollo cocida
331960,"Chicken, broiler or fryers, breast, skinless, boneless, meat only, cooked, braised",Pechuga de pollo cocida,pechuga de pollo sin piel cocida|pechuga de pollo hervida|pechuga de pollo braseada|pechuga cocida
332282,"Sauce, pasta, spaghetti/marinara, ready-to-serve",Salsa de tomate para pasta,salsa marinara|salsa para espagueti|salsa de tomate para fideos|salsa pomodoro
332397,"Ham, sliced, pre-packaged, deli meat (96%fat free, water added)",Jamón laminado 96% libre de grasa,jamón cocido bajo en grasa|jamón magro en láminas|jamón envasado en láminas|fiambre de jamón magro
332597,"Pears, raw, bartlett (Includes foods for USDA's Food Distribution Program)",Pera Bartlett (FDC 332597),
332791,"Olives, green, Manzanilla, stuffed with pimiento",Aceitunas verdes rellenas con pimentón,aceitunas rellenas|olivas verdes rellenas|aceitunas manzanilla rellenas
332864,"Sausage, pork, chorizo, link or ground, cooked, pan-fried",Chorizo de cerdo cocido a la sartén (FDC 332864),
333008,"Cookies, oatmeal, soft, with raisins",Galletas de avena blandas con pasas,galletas de avena y pasas|cookies de avena con pasas|galletas de avena con pasas
333281,"Tomatoes, canned, red, ripe, diced",Tomates en cubos en conserva,tomate picado en lata|tomates cortados en cubitos enlatados|tomates en trozos en conserva
333374,"Fish, haddock, raw",Eglefino crudo,haddock crudo|pescado haddock|eglefino fresco
333476,"Fish, pollock, raw",Abadejo de Alaska crudo,pollock crudo|colín de Alaska crudo|merluza de Alaska cruda|pollock de Alaska
334194,"Fish, tuna, light, canned in water, drained solids",Atún light en agua escurrido,atún en agua|atún al agua|atún enlatado en agua|conserva de atún en agua
334247,"Sugars, granulated",Azúcar granulada (FDC 334247),
334462,"Restaurant, Chinese, sweet and sour pork",Cerdo agridulce chino de restaurante (FDC 334462),
334536,"Restaurant, Chinese, fried rice, without meat",Arroz frito chino sin carne de restaurante,arroz chaufa sin carne|arroz chaufan sin carne|arroz frito chino|arroz frito vegetariano
334628,"Restaurant, Latino, tamale, pork",Tamal de cerdo de restaurante,tamal de chancho|tamales de cerdo|tamal con carne de cerdo
334720,"Restaurant, Latino, pupusas con frijoles (pupusas, bean)",Pupusa de frijoles de restaurante,pupusas de frijoles|pupusa de porotos|pupusas de porotos|pupusa salvadoreña de frijol
334849,"Beef, loin, top loin steak, boneless, lip-on, separable lean only, trimmed to 1/8"" fat, choice, raw",Lomo liso de vacuno magro crudo (FDC 334849),
334897,"Beef, loin, tenderloin roast, separable lean only, boneless, trimmed to 0"" fat, select, cooked, roasted",Filete de vacuno magro asado (FDC 334897),
334898,"Beef, round, eye of round roast, boneless, separable lean only, trimmed to 0"" fat, select, raw",Ojo de round de vacuno magro crudo (FDC 334898),
334963,"Beef, round, top round roast, boneless, separable lean only, trimmed to 0"" fat, select, raw",Posta de vacuno magra para asado cruda (FDC 334963),
335061,"Beef, short loin, t-bone steak, bone-in, separable lean only, trimmed to 1/8"" fat, choice, cooked, grilled",T-bone de vacuno magro a la parrilla (FDC 335061),
335109,"Beef, short loin, porterhouse steak, separable lean only, trimmed to 1/8"" fat, select, raw",Porterhouse de vacuno magro crudo (FDC 335109),
335240,"Bread, whole-wheat, commercially prepared",Pan de molde integral,pan integral de molde|pan lactal integral|pan de sándwich integral|pan integral envasado
335245,"Beans, Dry, Dark Red Kidney (0% moisture)",Porotos kidney rojo oscuro secos (FDC 335245),
335306,"Beans, Dry, Pink (0% moisture)",Porotos rosados secos (FDC 335306),
335419,"Beans, Dry, Navy (0% moisture)",Porotos navy secos (FDC 335419),
335422,"Beans, Dry, Light Red Kidney (0% moisture)",Porotos kidney rojo claro secos (FDC 335422),
335425,"Beans, Dry, Brown (0% moisture)",Porotos cafés secos (FDC 335425),
335428,"Beans, Dry, Flor de Mayo (0% moisture)",Porotos flor de mayo secos (FDC 335428),
335433,"Beans, Dry, Carioca (0% moisture)",Porotos carioca secos (FDC 335433),
335442,"Beans, Dry, Tan (0% moisture)",Porotos beige secos (FDC 335442),
335695,"Beans, Dry, Pinto (0% moisture)",Porotos pinto secos (FDC 335695),
335774,"Beans, Dry, Small Red (0% moisture)",Porotos rojos pequeños secos (FDC 335774),
335777,"Beans, Dry, Medium Red (0% moisture)",Porotos rojos medianos secos (FDC 335777),
335782,"Beans, Dry, Cranberry (0% moisture)",Porotos cranberry secos (FDC 335782),
335785,"Beans, Dry, Light Tan (0% moisture)",Porotos beige claro secos (FDC 335785),
335912,"Beans, Dry, Black (0% moisture)",Porotos negros secos (FDC 335912),
335927,"Beans, Dry, Small White (0% moisture)",Porotos blancos pequeños secos (FDC 335927),
335930,"Beans, Dry, Red (0% moisture)",Porotos rojos secos (FDC 335930),
336067,"Beans, Dry, Great Northern (0% moisture)",Porotos great northern secos (FDC 336067),
746758,"Beef, loin, tenderloin roast, separable lean only, boneless, trimmed to 0"" fat, select, cooked, roasted",Filete de vacuno magro asado,lomo fino de vacuno asado|filete de res asado|tenderloin de vacuno asado|filete de vacuno cocido
746759,"Beef, loin, top loin steak, boneless, lip-on, separable lean only, trimmed to 1/8"" fat, choice, raw",Lomo liso de vacuno magro crudo,top loin de vacuno crudo|bife de lomo liso crudo|lomo liso choice crudo
746760,"Beef, round, eye of round roast, boneless, separable lean only, trimmed to 0"" fat, select, raw",Ojo de round de vacuno magro crudo,eye of round crudo|ojo de round crudo|asado ojo de round crudo
746761,"Beef, round, top round roast, boneless, separable lean only, trimmed to 0"" fat, select, raw",Posta de vacuno magra para asado cruda,top round para asado crudo|posta rosada para asado cruda|round superior para asado crudo
746762,"Beef, short loin, porterhouse steak, separable lean only, trimmed to 1/8"" fat, select, raw",Porterhouse de vacuno magro crudo,bife porterhouse crudo|porterhouse steak crudo|porterhouse crudo
746763,"Beef, short loin, t-bone steak, bone-in, separable lean only, trimmed to 1/8"" fat, choice, cooked, grilled",T-bone de vacuno magro a la parrilla,t-bone grillado|bife t-bone asado|t bone a la parrilla|t-bone asado
746764,"Carrots, frozen, unprepared",Zanahoria congelada sin preparar,zanahorias congeladas|zanahoria congelada cruda|zanahorias congeladas sin cocinar
746765,"Cheese, dry white, queso seco",Queso seco,queso blanco seco|queso seco blanco|queso seco mexicano
746766,"Cheese, ricotta, whole milk",Queso ricota entero,ricotta|ricota|ricotta de leche entera|queso ricotta
746767,"Cheese, swiss",Queso suizo,queso emmental|swiss cheese|queso tipo suizo
746768,"Figs, dried, uncooked",Higos secos,higo seco|higos deshidratados|higos pasas
746769,"Lettuce, cos or romaine, raw",Lechuga cos cruda,lechuga cos o romana|lechuga romana cos|cos lettuce
746770,"Melons, cantaloupe, raw",Melón cantaloupe,melón cantalupo|cantaloupe|melón anaranjado|melón de pulpa naranja
746771,"Oranges, raw, navels",Naranja navel,naranjas navel|naranja de ombligo|naranja navelina
746772,"Milk, lowfat, fluid, 1% milkfat, with added vitamin A and vitamin D",Leche baja en grasa 1%,leche lowfat 1%|leche 1% de grasa|leche semidescremada 1%|leche con 1% de grasa
746773,"Pears, raw, bartlett",Pera Bartlett,peras bartlett|pera williams|pera guillermo
746774,"Restaurant, Chinese, sweet and sour pork",Cerdo agridulce chino de restaurante,cerdo agridulce|chancho agridulce|cerdo en salsa agridulce|sweet and sour pork
746775,"Salt, table, iodized",Sal de mesa yodada,sal yodada|sal común|sal de cocina|sal fina yodada
746776,"Milk, nonfat, fluid, with added vitamin A and vitamin D (fat free or skim)",Leche descremada,leche desnatada|leche sin grasa|leche skim|leche 0% grasa
746777,"Sauce, salsa, ready-to-serve",Salsa picante tipo mexicana,salsa mexicana|salsa roja picante|salsa para nachos|salsa lista para servir
746778,"Milk, reduced fat, fluid, 2% milkfat, with added vitamin A and vitamin D",Leche semidescremada 2%,leche reducida en grasa|leche 2% de grasa|leche semi descremada 2%|leche con 2% de grasa
746779,"Sausage, breakfast sausage, beef, pre-cooked, unprepared",Salchicha de desayuno de vacuno precocida,salchichas de desayuno de vacuno|salchichas de vacuno precocidas|breakfast sausage de vacuno
746780,"Sausage, Italian, pork, mild, cooked, pan-fried",Salchicha italiana de cerdo cocida a la sartén,salchichas italianas de cerdo cocidas|salchicha italiana frita|salsiccia de cerdo cocida|salchicha italiana suave cocida
746781,"Sausage, pork, chorizo, link or ground, cooked, pan-fried",Chorizo de cerdo cocido a la sartén,chorizos de cerdo cocidos|chorizo frito|chorizo de cerdo frito
746782,"Milk, whole, 3.25% milkfat, with added vitamin D",Leche entera,"leche completa|leche con toda su grasa|leche entera 3,25%|leche normal"
746783,"Sausage, turkey, breakfast links, mild, raw",Salchicha de pavo para desayuno cruda,salchichas de pavo crudas|salchichas de pavo para desayuno|breakfast links de pavo crudos
746784,"Sugars, granulated",Azúcar granulada,azúcar blanca|azúcar común|azúcar de mesa|azúcar corriente
746785,"Turkey, ground, 93% lean, 7% fat, pan-broiled crumbles",Pavo molido 93% magro cocido a la plancha,carne molida de pavo cocida|pavo molido cocido|pavo molido desmenuzado cocido
746952,"Ham, sliced, restaurant",Jamón laminado de restaurante,jamón de sándwich de restaurante|jamón en láminas de restaurante|jamón cocido de restaurante
747429,"Cheese, American, restaurant",Queso americano de restaurante,queso americano en láminas de restaurante|queso americano de sándwich|queso laminado americano de restaurante
747430,"Beans, Dry, Medium Red (0% moisture)",Porotos rojos medianos secos,frijoles rojos medianos secos|porotos medium red secos|alubias rojas medianas secas
747431,"Beans, Dry, Red (0% moisture)",Porotos rojos secos,frijoles rojos secos|poroto rojo seco|alubias rojas secas
747432,"Beans, Dry, Flor de Mayo (0% moisture)",Porotos flor de mayo secos,frijoles flor de mayo secos|alubias flor de mayo secas|poroto flor de mayo seco
747433,"Beans, Dry, Brown (0% moisture)",Porotos cafés secos,frijoles cafés secos|porotos marrones secos|porotos pardos secos
747434,"Beans, Dry, Tan (0% moisture)",Porotos beige secos,frijoles beige secos|porotos tan secos|porotos canela secos
747435,"Beans, Dry, Light Tan (0% moisture)",Porotos beige claro secos,frijoles beige claro secos|porotos light tan secos|porotos crema secos
747436,"Beans, Dry, Carioca (0% moisture)",Porotos carioca secos,frijoles carioca secos|feijão carioca secos|alubias carioca secas
747437,"Beans, Dry, Cranberry (0% moisture)",Porotos cranberry secos,frijoles cranberry secos|porotos granados secos|porotos borlotti secos|frijoles borlotti secos
747438,"Beans, Dry, Light Red Kidney (0% moisture)",Porotos kidney rojo claro secos,frijoles kidney rojo claro secos|alubias rojas claras secas|porotos riñón claros secos
747439,"Beans, Dry, Pink (0% moisture)",Porotos rosados secos,frijoles rosados secos|porotos rosa secos|alubias rosadas secas
747440,"Beans, Dry, Dark Red Kidney (0% moisture)",Porotos kidney rojo oscuro secos,frijoles kidney rojo oscuro secos|alubias rojas oscuras secas|porotos riñón oscuros secos
747441,"Beans, Dry, Navy (0% moisture)",Porotos navy secos,frijoles navy secos|alubias navy secas|porotos blancos navy secos
747442,"Beans, Dry, Small White (0% moisture)",Porotos blancos pequeños secos,frijoles blancos pequeños secos|porotos small white secos|alubias blancas pequeñas secas
747443,"Beans, Dry, Small Red (0% moisture)",Porotos rojos pequeños secos,frijoles rojos pequeños secos|porotos small red secos|alubias rojas pequeñas secas
747444,"Beans, Dry, Black (0% moisture)",Porotos negros secos,frijoles negros secos|poroto negro seco|frijol negro seco
747445,"Beans, Dry, Pinto (0% moisture)",Porotos pinto secos,frijoles pintos secos|porotos pintos secos|poroto pinto seco
747446,"Beans, Dry, Great Northern (0% moisture)",Porotos great northern secos,frijoles great northern secos|alubias great northern secas|porotos blancos grandes secos
747447,"Broccoli, raw",Brócoli crudo,brécol|brócolis|brócoli fresco
747448,"Strawberries, raw",Frutilla (FDC 747448),
747693,"Ketchup, restaurant",Kétchup de restaurante,ketchup|catsup|salsa kétchup
747997,"Eggs, Grade A, Large, egg white",Clara de huevo cruda,claras de huevo crudas|clara cruda|clara de huevo grande
748236,"Eggs, Grade A, Large, egg yolk",Yema de huevo cruda,yemas de huevo crudas|yema cruda|yema de huevo grande
748278,"Oil, canola",Aceite de canola,aceite de colza|canola oil|aceite canola refinado
748323,"Oil, corn",Aceite de maíz,corn oil|aceite de choclo|aceite de maiz refinado
748366,"Oil, soybean",Aceite de soya,aceite de soja|soybean oil|aceite vegetal de soya
748608,"Oil, olive, extra virgin",Aceite de oliva extra virgen,aceite de oliva virgen extra|extra virgin olive oil|aceite oliva extra virgen|aove
748967,"Eggs, Grade A, Large, egg whole",Huevo entero crudo,huevo de gallina crudo|huevos enteros crudos|huevo grande crudo|huevo crudo
749420,"Pork, cured, bacon, cooked, restaurant",Tocino cocido de restaurante,bacon cocido|beicon cocido|panceta ahumada cocida|tocino ahumado cocido
789828,"Butter, stick, unsalted",Mantequilla sin sal en barra,mantequilla sin sal|manteca sin sal|mantequilla dulce|mantequilla sin sal barra
789890,"Flour, wheat, all-purpose, enriched, bleached",Harina de trigo todo uso enriquecida blanqueada,harina blanca enriquecida blanqueada|harina de trigo blanqueada|harina común enriquecida blanqueada
789951,"Flour, wheat, all-purpose, enriched, unbleached",Harina de trigo todo uso enriquecida sin blanquear,harina de trigo sin blanquear enriquecida|harina común enriquecida sin blanquear|harina de trigo natural enriquecida
790018,"Flour, wheat, all-purpose, unenriched, unbleached",Harina de trigo todo uso sin enriquecer ni blanquear,harina de trigo natural sin enriquecer|harina común sin enriquecer|harina de trigo cruda sin blanquear
790085,"Flour, whole wheat, unenriched",Harina de trigo integral,harina integral|harina de trigo entero|harina integral sin enriquecer
790146,"Flour, bread, white, enriched, unbleached",Harina de trigo para pan enriquecida,harina de fuerza|harina panadera|harina para pan|harina de trigo de fuerza
790214,"Flour, rice, white, unenriched",Harina de arroz blanco,harina de arroz|rice flour|harina de arroz sin enriquecer
790276,"Flour, corn, yellow, fine meal, enriched",Harina de maíz amarilla fina enriquecida,harina de maíz amarillo fina|harina de maíz fina|harina de choclo amarilla
790508,"Butter, stick, salted",Mantequilla con sal en barra,mantequilla con sal|mantequilla salada|manteca con sal|mantequilla salada en barra
790577,"Onions, red, raw",Cebolla morada cruda,cebolla roja cruda|cebollas moradas|cebolla colorada
790646,"Onions, yellow, raw",Cebolla amarilla cruda,cebolla dorada cruda|cebollas amarillas|cebolla común
790774,"Bananas, overripe, raw",Plátano muy maduro (FDC 790774),
790991,"Bananas, ripe and slightly ripe, raw",Plátano maduro (FDC 790991),
1104647,"Garlic, raw",Ajo crudo,dientes de ajo|ajos|ajo fresco
1104705,"Flour, soy, defatted",Harina de soya desgrasada,harina de soja desgrasada|harina de soya sin grasa|harina de soja sin grasa
1104766,"Flour, soy, full-fat",Harina de soya entera,harina de soja entera|harina de soya con grasa|harina de soja integral
1104812,"Flour, rice, brown",Harina de arroz integral,harina de arroz café|harina de arroz moreno|brown rice flour
1104867,"Flour, rice, glutinous",Harina de arroz glutinoso,harina de arroz glutinosa|harina de arroz dulce|harina de arroz pegajoso|harina de mochi
1104913,"Flour, pastry, unenriched, unbleached",Harina de trigo para repostería sin enriquecer,harina para pastelería|harina floja|harina de repostería|harina pastelera
1104962,"Onions, white, raw",Cebolla blanca cruda,cebollas blancas|cebolla blanca fresca|cebolla blanca de ensalada
1105073,"Bananas, overripe, raw",Plátano muy maduro,banana muy madura|plátano sobremaduro|banano sobremaduro|plátano pasado de maduro
1105314,"Bananas, ripe and slightly ripe, raw",Plátano maduro,banana madura|banano|bananas|plátanos
1105430,"Apples, red delicious, with skin, raw",Manzana Red Delicious con piel (FDC 1105430),
1105547,"Apples, honeycrisp, with skin, raw",Manzana Honeycrisp con piel (FDC 1105547),
1105664,"Apples, granny smith, with skin, raw",Manzana Granny Smith con piel (FDC 1105664),
1105781,"Apples, gala, with skin, raw",Manzana Gala con piel (FDC 1105781),
1105897,"Apples, fuji, with skin, raw",Manzana Fuji con piel (FDC 1105897),
1750337,"Soy milk, unsweetened, plain, shelf stable",Leche de soya sin azúcar larga vida (FDC 1750337),
1750338,"Almond milk, unsweetened, plain, shelf stable",Leche de almendras sin azúcar larga vida (FDC 1750338),
1750339,"Apples, red delicious, with skin, raw",Manzana Red Delicious con piel,manzana roja con piel|manzanas red delicious|manzana roja delicious|manzana delicious roja
1750340,"Apples, fuji, with skin, raw",Manzana Fuji con piel,manzanas fuji|manzana fuji roja|manzana fuji cruda
1750341,"Apples, gala, with skin, raw",Manzana Gala con piel,manzanas gala|manzana gala roja|manzana gala cruda
1750342,"Apples, granny smith, with skin, raw",Manzana Granny Smith con piel,manzana verde con piel|manzanas granny smith|manzana verde granny smith
1750343,"Apples, honeycrisp, with skin, raw",Manzana Honeycrisp con piel,manzanas honeycrisp|manzana honey crisp|manzana honeycrisp cruda
1750344,"Mushroom, lion's mane",Hongo melena de león crudo (FDC 1750344),
1750345,"Mushroom, oyster",Hongo ostra crudo (FDC 1750345),
1750346,"Mushrooms, shiitake",Hongo shiitake crudo (FDC 1750346),
1750347,"Mushrooms, white button",Champiñón blanco crudo (FDC 1750347),
1750348,"Oil, peanut",Aceite de maní,aceite de cacahuate|aceite de cacahuete|peanut oil|aceite de maní refinado
1750349,"Oil, sunflower",Aceite de maravilla,aceite de girasol|sunflower oil|aceite vegetal de girasol
1750350,"Oil, safflower",Aceite de cártamo,aceite de alazor|safflower oil|aceite de cartamo refinado
1750351,"Oil, olive, extra light",Aceite de oliva extra ligero,aceite de oliva light|light olive oil|aceite de oliva suave|aceite de oliva extra light
1750352,"Spinach, baby",Espinaca baby cruda (FDC 1750352),
1750353,"Spinach, mature",Espinaca madura cruda (FDC 1750353),
1750354,"Tomato, roma",Tomate Roma crudo (FDC 1750354),
1999626,"Mushroom, lion's mane",Hongo melena de león crudo,melena de león|hongo de melena de león|yamabushitake|lion's mane
1999627,"Mushroom, oyster",Hongo ostra crudo,seta ostra|hongo ostión|setas ostra|gírgola
1999628,"Mushrooms, shiitake",Hongo shiitake crudo,shiitake|shitake|hongos shiitake|seta shiitake
1999629,"Mushrooms, white button",Champiñón blanco crudo,champiñones|champiñón común|hongo blanco|hongos blancos
1999630,"Soy milk, unsweetened, plain, shelf stable",Leche de soya sin azúcar larga vida,bebida de soja sin azúcar|leche de soja sin azúcar|bebida vegetal de soya natural
1999631,"Almond milk, unsweetened, plain, shelf stable",Leche de almendras sin azúcar larga vida,bebida de almendras sin azúcar|leche de almendra sin endulzar|leche de almendras larga vida
1999632,"Spinach, baby",Espinaca baby cruda,espinacas baby|espinaca tierna|baby spinach
1999633,"Spinach, mature",Espinaca madura cruda,espinacas|espinaca de hoja grande|espinaca adulta cruda
1999634,"Tomato, roma",Tomate Roma crudo,tomate pera|tomates roma|tomate perita|jitomate roma
2003586,"Flour, 00",Harina 00,harina tipo 00|harina doppio zero|harina italiana 00
2003587,"Flour, spelt, whole grain",Harina de espelta integral,harina de escanda integral|harina de espelta de grano entero|spelt integral
2003588,"Flour, semolina, coarse and semi-coarse",Sémola de trigo gruesa y semigruesa,sémola gruesa|semolina gruesa|sémola de trigo duro gruesa
2003589,"Flour, semolina, fine",Sémola de trigo fina,sémola fina|semolina fina|sémola de trigo duro fina
2003590,"Apple juice, with added vitamin C, from concentrate, shelf stable",Jugo de manzana con vitamina C de concentrado,jugo de manzana larga vida|zumo de manzana con vitamina c|jugo de manzana reconstituido
2003591,"Orange juice, no pulp, not fortified, from concentrate, refrigerated",Jugo de naranja sin pulpa de concentrado refrigerado,zumo de naranja de concentrado|jugo de naranja reconstituido|jugo de naranja de concentrado sin pulpa
2003592,"Grape juice, purple, with added vitamin C, from concentrate, shelf stable",Jugo de uva morada con vitamina C,jugo de uva negra|zumo de uva morada|jugo de uva tinta
2003593,"Grape juice, white, with added vitamin C, from concentrate, shelf stable",Jugo de uva blanca con vitamina C,zumo de uva blanca|jugo de uva verde|jugo de uva blanca de concentrado
2003594,"Cranberry juice, not fortified, from concentrate, shelf stable",Jugo de arándano rojo,jugo de cranberry|zumo de arándano rojo|jugo de arándano agrio
2003595,"Grapefruit juice, red, not fortified, not from concentrate, refrigerated",Jugo de pomelo rosado natural refrigerado,jugo de toronja rosada|zumo de pomelo rosado|jugo de pomelo rojo exprimido
2003596,"Tomato juice, with added ingredients, from concentrate, shelf stable",Jugo de tomate envasado,zumo de tomate|jugo de tomates|jugo de tomate de concentrado
2003597,"Orange juice, no pulp, not fortified, not from concentrate, refrigerated",Jugo de naranja exprimido sin pulpa refrigerado,zumo de naranja natural sin pulpa|jugo de naranja natural sin pulpa|jugo de naranja no de concentrado
2003598,"Mushroom, portabella",Champiñón portobello crudo,portobello|champiñón portabella|hongo portobello|portabella
2003599,"Mushroom, king oyster",Hongo ostra rey crudo,seta de cardo|eryngii|hongo king oyster|hongo eringui
2003600,"Mushroom, enoki",Hongo enoki crudo,enokitake|seta enoki|hongos enoki|enoki
2003601,"Mushroom, crimini",Champiñón cremini crudo,champiñón café|champiñones cremini|hongo cremini|baby bella
2003602,"Mushroom, maitake",Hongo maitake crudo,maitake|hongo de roble|hen of the woods|seta maitake
2003603,"Mushroom, beech",Hongo shimeji crudo,shimeji|seta de haya|hongo de haya|beech mushroom
2003604,"Mushroom, pioppini",Hongo pioppini crudo,pioppini|seta pioppino|hongo chopo|champiñón pioppini
2257044,"Soy milk, sweetened, plain, refrigerated",Leche de soya endulzada refrigerada,bebida de soja endulzada|leche de soja con azúcar|leche de soya con azúcar
2257045,"Almond milk, unsweetened, plain, refrigerated",Leche de almendras sin azúcar refrigerada,bebida de almendra refrigerada|leche de almendra fresca|bebida de almendras refrigerada
2257046,"Oat milk, unsweetened, plain, refrigerated",Leche de avena sin azúcar refrigerada,bebida de avena sin azúcar|leche de avena natural|bebida de avena refrigerada
2258586,"Carrots, mature, raw",Zanahoria madura cruda,zanahorias|zanahoria cruda|zanahorias maduras|zanahoria normal
2258587,"Carrots, baby, raw",Zanahoria baby cruda,zanahorias baby|minizanahorias|zanahoria mini|zanahorias mini
2258588,"Peppers, bell, green, raw",Pimentón verde crudo,pimiento verde|pimiento morrón verde|pimientos verdes|morrón verde
2258589,"Peppers, bell, yellow, raw",Pimentón amarillo crudo,pimiento amarillo|pimiento morrón amarillo|pimientos amarillos|morrón amarillo
2258590,"Peppers, bell, red, raw",Pimentón rojo crudo,pimiento rojo|pimiento morrón rojo|pimientos rojos|morrón rojo
2258591,"Peppers, bell, orange, raw",Pimentón naranja crudo,pimiento naranja|pimiento morrón naranja|pimientos naranjas|morrón naranja
2259792,"Buttermilk, low fat",Buttermilk bajo en grasa,suero de mantequilla|suero de leche cultivado|leche cultivada baja en grasa
2259793,"Yogurt, plain, whole milk",Yogur natural entero,yogurt natural entero|yoghurt natural|yogur natural con grasa|yogur natural sin azúcar entero
2259794,"Yogurt, Greek, plain, whole milk",Yogur griego natural entero,yogurt griego entero|yogur griego con grasa|yoghurt griego natural entero
2259795,"Cheese, parmesan, grated, refrigerated",Queso parmesano rallado refrigerado,parmesano rallado fresco|queso parmesano rallado fresco|parmesano refrigerado
2259796,"Cheese, feta, whole milk, crumbled",Queso feta desmenuzado,feta|queso feta de leche entera|feta desmenuzado|queso feta
2261420,"Flour, almond",Harina de almendras,harina de almendra|almendra molida|almendras molidas
2261421,"Flour, oat, whole grain",Harina de avena integral,avena molida|harina de avena|harina de avena de grano entero
2261422,"Flour, potato",Harina de papa,harina de patata|harina de papas|harina de patatas
2262072,"Peanut butter, creamy",Mantequilla de maní cremosa,mantequilla de cacahuate cremosa|crema de maní|pasta de maní cremosa|manteca de maní
2262073,"Sesame butter, creamy",Pasta de sésamo cremosa,tahini|tahina|mantequilla de sésamo|pasta de ajonjolí
2262074,"Almond butter, creamy",Mantequilla de almendras cremosa,crema de almendras|pasta de almendras|manteca de almendra|mantequilla de almendra
2262075,"Flaxseed, ground",Linaza molida,semillas de lino molidas|lino molido|harina de linaza|linaza en polvo
2263887,"Strawberries, raw",Frutilla (FDC 2263887),
2263888,"Raspberries, raw",Frambuesa (FDC 2263888),
2263889,"Blueberries, raw",Arándano azul (FDC 2263889),
2263890,"Grapes, red, seedless, raw",Uva roja sin semillas (FDC 2263890),
2263891,"Grapes, green, seedless, raw",Uva verde sin semillas (FDC 2263891),
2263892,"Applesauce, unsweetened, with added vitamin C",Puré de manzana sin azúcar con vitamina C (FDC 2263892),
2346384,"Cottage cheese, full fat, large or small curd",Queso cottage entero,queso cottage normal|requesón|cottage entero|cottage cheese
2346385,"Cream cheese, full fat, block",Queso crema entero,queso crema en bloque|cream cheese|queso philadelphia|queso crema en barra
2346386,"Cream, heavy",Crema de leche para batir,crema para batir|nata para montar|crema espesa|heavy cream
2346387,"Cream, sour, full fat",Crema agria entera,crema ácida|sour cream|crema agria con grasa
2346388,"Lettuce, iceberg, raw",Lechuga iceberg cruda,lechuga americana|lechuga repollada|iceberg
2346389,"Lettuce, romaine, green, raw",Lechuga romana verde cruda,lechuga costina|lechuga romana|romana verde cruda
2346390,"Lettuce, leaf, red, raw",Lechuga de hoja roja cruda,lechuga roja|lechuga morada|lechuga hoja roja
2346391,"Lettuce, leaf, green, raw",Lechuga de hoja verde cruda,lechuga milanesa|lechuga verde de hoja|lechuga hoja verde
2346392,"Nuts, pine nuts, raw",Piñones crudos,piñón|pinoli|pignoli|piñones pelados
2346393,"Nuts, almonds, whole, raw",Almendras enteras crudas,almendras crudas|almendras naturales|almendras sin tostar|almendra cruda
2346394,"Nuts, walnuts, English, halves, raw",Nueces en mitades crudas,nueces de castilla|nueces inglesas|mitades de nuez|nuez cruda
2346395,"Nuts, pecans, halves, raw",Nueces pecanas en mitades crudas,pecanas|nuez pecana|nueces pecán|pecans
2346396,"Oats, whole grain, rolled, old fashioned",Avena arrollada tradicional,avena en hojuelas|avena laminada|hojuelas de avena|avena tradicional
2346397,"Oats, whole grain, steel cut",Avena cortada en acero,avena steel cut|avena irlandesa|avena cortada|avena en grano cortado
2346398,"Pineapple, raw",Piña,ananá|ananás|piñas|piña cruda
2346399,"Cherries, sweet, dark red, raw",Cereza dulce roja oscura,cerezas|cerezas dulces|cerezas rojas oscuras|cereza dulce
2346400,"Beans, snap, green, raw",Porotos verdes crudos,judías verdes crudas|ejotes crudos|vainitas crudas|habichuelas verdes crudas
2346401,"Potatoes, russet, without skin, raw",Papa russet sin piel cruda,patata russet|papas russet|papa russet pelada cruda
2346402,"Potatoes, red, without skin, raw",Papa roja sin piel cruda,patata roja|papa colorada|papas rojas|papa roja pelada
2346403,"Potatoes, gold, without skin, raw",Papa amarilla sin piel cruda,patata amarilla|papa gold|papas amarillas|papa yukon gold
2346404,"Sweet potatoes, orange flesh, without skin, raw",Camote de pulpa naranja sin piel crudo,batata naranja|boniato|camote anaranjado|batata
2346405,"Celery, raw",Apio crudo,apio verde|tallos de apio|celery|apios
2346406,"Cucumber, with peel, raw",Pepino con cáscara crudo,pepino con piel|pepinos|pepino de ensalada
2346407,"Cabbage, green, raw",Repollo verde crudo,repollo blanco|col blanca|repollos|col verde cruda
2346408,"Cabbage, red, raw",Repollo morado crudo,col morada|lombarda|repollo colorado|col lombarda
2346409,"Strawberries, raw",Frutilla,fresa|fresas|frutillas|fresas frescas
2346410,"Raspberries, raw",Frambuesa,frambuesas|frambuesa roja|frambuesas rojas
2346411,"Blueberries, raw",Arándano azul,arándanos|arándanos azules|blueberries|mirtilo
2346412,"Grapes, red, seedless, raw",Uva roja sin semillas,uvas rojas sin pepas|uvas rojas|uva roja sin pepas
2346413,"Grapes, green, seedless, raw",Uva verde sin semillas,uvas verdes sin pepas|uvas verdes|uva blanca sin semillas
2346414,"Applesauce, unsweetened, with added vitamin C",Puré de manzana sin azúcar con vitamina C,compota de manzana sin azúcar|salsa de manzana sin azúcar|manzana cocida molida sin azúcar
2512371,"Flour, amaranth",Harina de amaranto,amaranto molido|harina de kiwicha|harina de amaranto integral
2512372,"Flour, quinoa",Harina de quinoa,harina de quinua|quinoa molida|harina de quinoa integral
2512373,"Flour, sorghum",Harina de sorgo,harina de sorgo integral|sorgo molido|harina de sorgo molido
2512374,"Flour, buckwheat",Harina de trigo sarraceno,harina de alforfón|harina de sarraceno|harina de trigo negro
2512375,"Flour, rye",Harina de centeno,harina de centeno integral|centeno molido|rye flour
2512376,"Flour, barley",Harina de cebada,cebada molida|harina de cebada integral|barley flour
2512377,"Flour, cassava",Harina de yuca,harina de mandioca|harina de cassava|farinha de mandioca
2512378,"Buckwheat, whole grain",Trigo sarraceno en grano,alforfón|trigo negro|sarraceno|kasha cruda
2512379,"Millet, whole grain",Mijo en grano,mijo integral|millo|grano de mijo
2512380,"Rice, brown, long grain, unenriched, raw",Arroz integral grano largo crudo,arroz integral crudo|arroz café crudo|arroz moreno crudo
2512381,"Rice, white, long grain, unenriched, raw",Arroz blanco grano largo crudo,arroz blanco crudo|arroz de grano largo blanco|arroz grano largo crudo
2514743,"Beef, ground, 90% lean meat / 10% fat, raw",Carne molida de vacuno 90% magra cruda,molida de vacuno 90/10 cruda|carne molida 90% magra|carne picada de vacuno 90%
2514744,"Beef, ground, 80% lean meat / 20% fat, raw",Carne molida de vacuno 80% magra cruda,molida de vacuno 80/20 cruda|carne molida 80% magra|carne picada de vacuno 80%
2514745,"Pork, ground, raw",Carne molida de cerdo cruda,cerdo molido crudo|chancho molido crudo|carne picada de cerdo
2514746,"Chicken, ground, with additives, raw",Pollo molido crudo con aditivos,carne molida de pollo cruda|pollo picado crudo|pollo molido
2514747,"Turkey, ground, 93% lean/ 7% fat, raw",Pavo molido 93% magro crudo,carne molida de pavo|pavo molido crudo|pavo molido
2515373,"Nuts, brazilnuts, raw",Nueces de Brasil crudas,castañas de Brasil|castañas del Pará|nuez de Brasil|castaña de brasil
2515374,"Nuts, cashew nuts, raw",Castañas de cajú crudas,anacardos|nueces de la india|marañón|cajú crudo
2515375,"Nuts, hazelnuts or filberts, raw",Avellanas crudas,avellana cruda|avellanas sin tostar|filberts|avellanas europeas
2515376,"Peanuts, raw",Maní crudo,cacahuates crudos|cacahuetes crudos|maníes crudos|maní sin tostar
2515377,"Flour, chestnut",Harina de castañas,harina de castaña|castaña molida|harina de castaño
2515378,"Nuts, macadamia nuts, raw",Nueces de macadamia crudas,macadamias|macadamia cruda|nuez de macadamia
2515379,"Nuts, pistachio nuts, raw",Pistachos crudos,pistacho crudo|pistachos sin tostar|pistaches crudos
2515380,"Seeds, pumpkin seeds (pepitas), raw",Semillas de zapallo crudas,pepitas de zapallo|pepitas|semillas de calabaza crudas|pepas de zapallo
2515381,"Seeds, sunflower seed, kernel, raw",Semillas de maravilla crudas,semillas de girasol crudas|pipas de girasol crudas|maravilla cruda
2515382,"Flour, coconut",Harina de coco,coconut flour|harina de coco desgrasada|harina de cocos
2644281,"Beans, cannellini, dry",Porotos cannellini secos,frijoles cannellini secos|alubias cannellini|porotos blancos italianos|cannellini secos
2644282,"Chickpeas, (garbanzo beans, bengal gram), dry",Garbanzos secos,garbanzo seco|chickpeas secos|garbanzos crudos|garbanzos deshidratados
2644283,"Lentils, dry",Lentejas secas,lenteja seca|lentejas crudas|lentejas sin cocer
2644284,"Blackeye pea, dry",Porotos de ojo negro secos,caupí seco|frijol de ojo negro seco|alubias de carilla secas|black eyed peas secos
2644285,"Beans, black, canned, sodium added, drained and rinsed",Porotos negros en conserva escurridos,frijoles negros enlatados|frijoles negros en lata|porotos negros de lata|porotos negros enlatados
2644286,"Beans, navy, canned, sodium added, drained and rinsed",Porotos navy en conserva escurridos,porotos blancos pequeños en conserva|alubias blancas en conserva|frijoles navy enlatados
2644287,"Beans, cannellini, canned, sodium added, drained and rinsed",Porotos cannellini en conserva escurridos,frijoles cannellini enlatados|alubias cannellini en lata|cannellini en conserva
2644288,"Chickpeas (garbanzo beans, bengal gram), canned, sodium added, drained and rinsed",Garbanzos en conserva escurridos,garbanzos enlatados|garbanzos de lata|garbanzos cocidos en lata|garbanzos en lata
2644289,"Beans, kidney, dark red, canned, sodium added, sugar added, drained and rinsed",Porotos kidney rojo oscuro en conserva escurridos,frijoles rojos oscuros enlatados|alubias rojas oscuras en conserva|porotos kidney oscuros en lata
2644290,"Beans, kidney, light red, canned, sodium added, sugar added, drained and rinsed",Porotos kidney rojo claro en conserva escurridos,frijoles rojos claros enlatados|alubias rojas claras en conserva|porotos kidney claros en lata
2644291,"Peas, green, sweet, canned, sodium added, sugar added, drained and rinsed",Arvejas en conserva escurridas,guisantes en conserva|chícharos en lata|arvejas enlatadas|arvejas verdes en conserva
2644292,"Beans, pinto, canned, sodium added, drained and rinsed",Porotos pinto en conserva escurridos,frijoles pintos enlatados|porotos pintos de lata|frijol pinto en conserva
2644293,"Blackeye pea, canned, sodium added, drained and rinsed",Porotos de ojo negro en conserva escurridos,caupí en conserva|frijoles de ojo negro enlatados|alubias de carilla en conserva
2644294,"Beans, great northern, canned, sodium added, drained and rinsed",Porotos great northern en conserva escurridos,frijoles great northern enlatados|alubias great northern en conserva|porotos blancos grandes en conserva
2646168,"Pork, loin, boneless, raw",Lomo de cerdo sin hueso crudo,lomo de chancho crudo|cerdo lomo crudo|lomo liso de cerdo crudo
2646169,"Pork, loin, tenderloin, boneless, raw",Filete de cerdo crudo,solomillo de cerdo crudo|filete de chancho crudo|pork tenderloin crudo
2646170,"Chicken, breast, boneless, skinless, raw",Pechuga de pollo cruda,pechuga de pollo sin piel cruda|pechuga cruda|pechuga de pollo deshuesada cruda|pechugas de pollo
2646171,"Chicken, thigh, boneless, skinless, raw",Muslo de pollo deshuesado sin piel crudo,trutro de pollo deshuesado crudo|contramuslo de pollo crudo|muslo deshuesado crudo|trutro de pollo
2646172,"Beef, ribeye, steak, boneless, choice, raw",Lomo vetado de vacuno crudo,ribeye crudo|bife ancho crudo|rib eye steak crudo|entrecot crudo
2646173,"Beef, round, top round, boneless, choice, raw",Posta de vacuno cruda choice,top round choice crudo|posta rosada cruda|round superior crudo
2646174,"Beef, chuck, roast, boneless, choice, raw",Asado de chuck de vacuno crudo,paleta de vacuno cruda|chuck roast crudo|asado de paleta crudo
2646175,"Beef, flank, steak, boneless, choice, raw",Falda de vacuno (flank) cruda,flank steak crudo|bife de falda crudo|matambre de vacuno crudo
2647437,"Yogurt, plain, nonfat",Yogur natural descremado,yogurt natural descremado|yogur natural sin grasa|yoghurt descremado
2647438,"Cheese, monterey jack, solid",Queso Monterey Jack,monterey jack|queso monterrey|queso monterrey jack
2647439,"Cheese, pasteurized process cheese food or product, American, singles",Queso americano procesado en láminas,queso laminado|queso en láminas|slices de queso americano|queso americano en láminas individuales
2647440,"Cheese, provolone, sliced",Queso provolone en láminas,provolone|queso provolone|provolone laminado
2647441,"Cheese, oaxaca, solid",Queso Oaxaca,queso de oaxaca|queso oaxaqueño|oaxaca|queso deshebrado oaxaca
2647442,"Cheese, queso fresco, solid",Queso fresco,queso fresco mexicano|queso blanco fresco|queso fresco de vaca
2647443,"Cheese, cotija, solid",Queso cotija,cotija|queso cotija mexicano|queso cotija desmenuzable
2684440,"Fish, salmon, sockeye, wild caught, raw",Salmón rojo salvaje crudo,salmón sockeye crudo|salmón sockeye salvaje|salmón silvestre rojo
2684441,"Fish, salmon, Atlantic, farm raised, raw",Salmón del Atlántico de cultivo crudo,salmón atlántico crudo|salmón de criadero crudo|salmón de cultivo|salmón salar crudo
2684442,"Fish, tilapia, farm raised, raw",Tilapia de cultivo cruda,tilapia cruda|tilapia de criadero cruda|mojarra tilapia
2684443,"Crustaceans, shrimp, farm raised, raw",Camarón de cultivo crudo,camarones crudos|gambas crudas|langostinos crudos|camarón de criadero crudo
2684444,"Fish, cod, Atlantic, wild caught, raw",Bacalao del Atlántico salvaje crudo,bacalao fresco crudo|bacalao atlántico crudo|cod crudo
2684445,"Fish, catfish, farm raised, raw",Pez gato de cultivo crudo,bagre de cultivo crudo|bagre crudo|siluro crudo
2684446,"Crustaceans, crab, blue swimming, lump, pasteurized, refrigerated",Carne de jaiba azul pasteurizada,carne de cangrejo azul pasteurizada|cangrejo azul en trozos|jaiba azul en trozos|carne de cangrejo en lata
2685568,"Squash, summer, green, zucchini, includes skin, raw",Zapallo italiano con piel crudo,zapallito italiano|calabacín|zucchini|calabacita
2685569,"Squash, summer, yellow, includes skin, raw",Zapallo italiano amarillo con piel crudo,calabacín amarillo|calabacita amarilla|squash amarillo de verano
2685570,"Squash, winter, butternut, raw",Zapallo butternut crudo,calabaza butternut|calabaza moscada|zapallo moscado
2685571,"Squash, winter, acorn, raw",Zapallo bellota crudo,calabaza bellota|zapallo acorn|squash bellota
2685572,"Cabbage, bok choy, raw",Bok choy crudo,col china|pak choi|acelga china|repollo bok choy
2685573,"Cauliflower, raw",Coliflor cruda,coliflores|cauliflower|coliflor fresca
2685574,"Collards, raw",Col verde collard cruda,berza cruda|collard greens|hojas de col collard|col collard
2685575,"Brussels sprouts, raw",Repollitos de Bruselas crudos,coles de bruselas|col de bruselas|repollitos de bruselas|brussels sprouts
2685576,"Beets, raw",Betarraga cruda,remolacha cruda|betarragas|beterraga|remolacha
2685577,"Eggplant, raw",Berenjena cruda,berenjenas|berengena|eggplant
2685578,"Tomatoes, whole, canned, solids and liquids, with salt added",Tomates pelados enteros en conserva con sal,tomates enteros en lata|tomates pelados en lata|tomate pelado en conserva
2685579,"Tomato, sauce, canned, with salt added",Salsa de tomate en conserva con sal,salsa de tomates natural|salsa de tomate enlatada|salsa de tomate en lata
2685580,"Tomato, paste, canned, without salt added",Pasta de tomate sin sal,concentrado de tomate|puré de tomate concentrado|pasta de tomates|extracto de tomate
2685581,"Tomatoes, crushed, canned",Tomates triturados en conserva,tomate triturado|tomates molidos en lata|tomate molido|tomates triturados en lata
2685582,"Tomato, puree, canned",Puré de tomate en conserva,pulpa de tomate|puré de tomates|passata|tomate pasado en conserva
2710815,"Apricot, with skin, raw",Damasco con piel,albaricoque|damascos|chabacano|albaricoques
2710816,"Melons, honeydew, raw",Melón honeydew,melón verde honeydew|honeydew|melón de miel|melón blanco
2710817,"Plantains, ripe, raw",Plátano macho maduro,plátano maduro macho|banana macho madura|plátano para freír maduro
2710818,"Plantains, underripe, raw",Plátano macho verde,plátano macho inmaduro|plátano verde|banana macho verde|plátano macho sin madurar
2710819,"Chia seeds, dry, raw",Semillas de chía secas,chía|chia en semillas|semillas de chia crudas
2710820,"Bulgur, dry, raw",Bulgur crudo,trigo burgol|burgol|bulgur seco|trigo partido
2710821,"Wild rice, dry, raw",Arroz salvaje crudo,arroz silvestre|wild rice|arroz salvaje seco
2710822,"Arugula, baby, raw",Rúcula baby cruda,arúgula|rúcula|ruqueta|rúcula tierna
2710823,"Asparagus, green, raw",Espárrago verde crudo,espárragos|espárragos verdes|esparrago fresco
2710824,"Avocado, Hass, peeled, raw",Palta Hass,aguacate hass|paltas hass|aguacate|palta
2710825,"Rice, black, unenriched, raw",Arroz negro crudo,arroz negro sin enriquecer|arroz prohibido|arroz negro integral
2710826,"Corn, sweet, yellow and white kernels, fresh, raw",Choclo crudo,maíz dulce crudo|elote crudo|choclos|maíz tierno
2710827,"Einkorn, grain, dry, raw",Trigo einkorn en grano crudo,escaña menor|einkorn|trigo escanda monococo
2710828,"Farro, pearled, dry, raw",Farro perlado crudo,farro|escanda perlada|trigo farro
2710829,"Fonio, grain, dry, raw",Fonio en grano crudo,fonio|mijo de hambre|digitaria
2710830,"Khorasan, grain, dry, raw",Trigo khorasan en grano crudo,kamut|trigo kamut|khorasan|grano khorasan
2710831,"Kiwifruit (kiwi), green, peeled, raw",Kiwi verde pelado,kiwi sin cáscara|kiwi pelado crudo|kiwi sin piel
2710832,"Mandarin, seedless, peeled, raw",Mandarina sin semillas pelada,mandarinas|clementina sin semillas|mandarina pelada
2710833,"Mango, Tommy Atkins, peeled, raw",Mango Tommy Atkins pelado,mango tommy|mango rojo|mango tommy atkins crudo
2710834,"Mango, Ataulfo, peeled, raw",Mango Ataulfo pelado,mango ataulfo|mango amarillo ataulfo|mango champagne|mango manila
2710835,"Corn flour, masa harina, white or yellow, dry, raw",Masa harina de maíz,harina de maíz nixtamalizado|harina para tortillas|masa de maíz seca|masa harina
2710836,"Pear, Anjou, green, with skin, raw",Pera Anjou verde con piel,pera d'anjou|peras anjou|pera verde anjou
2710837,"Plum, black, with skin, raw",Ciruela negra con piel,ciruelas negras|ciruela morada|ciruela negra cruda
2710838,"Rice, red, unenriched, dry, raw",Arroz rojo crudo,arroz rojo integral|arroz colorado crudo|arroz rojo sin enriquecer
2710839,"Sorghum bran, white, unenriched, dry, raw",Salvado de sorgo blanco crudo,afrecho de sorgo|salvado de sorgo|sorghum bran
2710840,"Sorghum flour, white, pearled, unenriched, dry, raw",Harina de sorgo blanco perlado,harina de sorgo blanco|sorgo blanco molido perlado|harina de sorgo perlado
2710841,"Sorghum grain, white, pearled, unenriched, dry, raw",Sorgo blanco perlado en grano,sorgo perlado|grano de sorgo blanco perlado|sorgo blanco perlado crudo
2710842,"Sorghum, whole grain, white, dry, raw",Sorgo blanco integral en grano,sorgo integral|sorgo entero|grano entero de sorgo
2710843,"Plantains, overripe, raw",Plátano macho muy maduro,plátano macho sobremaduro|plátano macho negro|plátano macho pasado de maduro
2727566,"Chicken, drumstick, meat and skin, raw",Pierna de pollo con piel cruda,trutro de pollo con piel crudo|muslito de pollo crudo|drumstick de pollo crudo
2727567,"Chicken, thigh, meat and skin, raw",Muslo de pollo con piel crudo,contramuslo de pollo con piel crudo|muslo con piel crudo|muslo de pollo con piel
2727568,"Chicken, wing, meat and skin, raw",Ala de pollo con piel cruda,alitas de pollo crudas|alas de pollo|alitas de pollo
2727569,"Chicken, breast, meat and skin, raw",Pechuga de pollo con piel cruda,pechuga con piel cruda|pechuga de pollo entera con piel|pechuga con piel
2727570,"Lamb, ground, raw",Cordero molido crudo,carne molida de cordero cruda|cordero picado crudo|cordero molido
2727571,"Bison, ground, raw",Bisonte molido crudo,carne de bisonte molida cruda|bisonte picado crudo|bisonte molido
2727572,"Beef, short loin (NY strip steak), raw",Bife New York crudo,ny strip crudo|new york strip crudo|lomo liso new york crudo|bife de chorizo crudo
2727573,"Beef, tenderloin steak, raw",Filete de vacuno crudo,lomo fino de vacuno crudo|bife de filete crudo|tenderloin steak crudo
2727574,"Beef, top sirloin steak, raw",Sirloin de vacuno crudo,top sirloin crudo|bife de sirloin crudo|sirloin steak crudo
2727575,"Pork, chop, center cut, raw",Chuleta de cerdo cruda corte central,chuleta de chancho cruda|chuleta centro de cerdo|pork chop crudo
2727576,"Pork, belly, with skin, raw",Panceta de cerdo con cuero cruda,tocino de cerdo con cuero crudo|pork belly crudo|panceta fresca cruda|chancho panceta cruda
2727577,"Pawpaw, peeled, seeded, raw",Pawpaw pelado sin semillas,papaw|asimina|chirimoya norteamericana|pawpaw crudo
2727578,"Squash, pie pumpkin, peeled, seeded, raw",Zapallo para pastel pelado crudo,calabaza para pastel|zapallo de pie|pie pumpkin|calabaza pie pelada
2727579,"Squash, spaghetti, peeled, seeded, raw",Zapallo espagueti pelado crudo,calabaza espagueti|squash espagueti|zapallo espagueti sin semillas
2727580,"Rutabaga, peeled, raw",Rutabaga pelada cruda,nabo sueco|nabo de suecia|rutabaga cruda
2727581,"Blackberries, raw",Mora,moras|zarzamora|zarzamoras|mora silvestre
2727582,"Tomatillos, dehusked, raw",Tomatillo sin cáscara crudo,tomate verde|tomatillos|tomate de cáscara|tomatillo crudo
2727583,"Cabbage, napa, leaf, destemmed, raw",Repollo napa crudo,repollo chino|col napa|col china napa|napa crudo
2727584,"Leeks, bulb and greens, root removed, raw",Puerro crudo,puerros|poro|puerro con hojas|puerro bulbo y hojas
2727585,"Green onion, (scallion), bulb and greens, root removed, raw",Cebollín crudo,cebolla verde|cebolleta|cebolla de verdeo|cebollín con hojas
2727586,"Shallots, bulb, peeled, root removed, raw",Chalota pelada cruda,echalote|chalotas|chalote|cebolla chalota
2727587,"Juice, prune, shelf-stable",Jugo de ciruela,zumo de ciruela pasa|jugo de ciruelas pasas|jugo de ciruelas|prune juice
2727588,"Juice, pomegranate, from concentrate, shelf-stable",Jugo de granada de concentrado,zumo de granada|jugo de granadas|jugo de granada reconstituido
2727589,"Juice, tart cherry, from concentrate, shelf-stable",Jugo de cereza ácida de concentrado,jugo de guindas|zumo de cereza ácida|jugo de cereza agria|tart cherry juice
2747652,"Anchovies, canned in olive oil, with salt, drained",Anchoas en aceite de oliva escurridas,anchovetas en aceite|anchoas enlatadas|filetes de anchoa en aceite
2747653,"Beet greens, raw",Hojas de betarraga crudas,hojas de remolacha|hojas de betabel|verdura de betarraga
2747654,"Cod, Pacific or Alaskan, frozen, wild caught",Bacalao del Pacífico congelado,bacalao de Alaska congelado|cod del pacífico congelado|bacalao pacífico salvaje
2747655,"Fennel, bulb, raw",Hinojo crudo,hinojo bulbo|hinojo fresco|fennel|bulbo de hinojo
2747656,"Halibut, frozen, wild caught",Halibut congelado,hipogloso congelado|fletán congelado|halibut salvaje congelado
2747657,"Lobster, tail only, frozen, wild caught",Cola de langosta congelada,langosta congelada solo cola|colas de langosta|langosta cola congelada
2747658,"Mahi mahi, frozen, wild caught",Dorado mahi mahi congelado,mahi mahi congelado|dorado congelado|dorado de altura congelado
2747659,"Parsnips, raw",Chirivía cruda,pastinaca|chirivías|parsnip
2747660,"Peppers, banana or Hungarian wax, seeded, raw",Ají banana sin semillas crudo,pimiento banana|chile güero|pimiento húngaro|ají amarillo húngaro
2747661,"Peppers, jalapeno, seeded, raw",Ají jalapeño sin semillas crudo,chile jalapeño|jalapeños|pimiento jalapeño
2747662,"Peppers, poblano, seeded, raw",Ají poblano sin semillas crudo,chile poblano|pimiento poblano|poblano|chiles poblanos
2747663,"Peppers, serrano, seeded, raw",Ají serrano sin semillas crudo,chile serrano|serranos|pimiento serrano
2747664,"Radicchio, raw",Radicchio crudo,achicoria roja|radicchio rojo|achicoria radicchio
2747665,"Radishes, red, raw",Rábano rojo crudo,rabanitos|rábanos|rabanitos rojos|radish
2747666,"Scallops, bay, Patagonian, frozen, wild caught",Ostiones de bahía patagónicos congelados,ostión patagónico congelado|vieiras patagónicas congeladas|scallops patagónicos
2747667,"Scallops, sea, frozen, wild caught",Ostiones de mar congelados,vieiras de mar congeladas|ostiones congelados|scallops de mar
2747668,"Sea bass, Chilean, frozen, wild caught",Bacalao de profundidad congelado,merluza negra congelada|róbalo chileno congelado|chilean sea bass|lubina chilena congelada
2747669,"Snapper, frozen, wild caught",Pargo congelado,huachinango congelado|pargo rojo congelado|snapper congelado
2747670,"Snow crab, legs only, frozen",Patas de cangrejo de las nieves congeladas,cangrejo de las nieves congelado|patas de jaiba de las nieves|snow crab congelado
2747671,"Squid (calamari), frozen, tubes only",Calamar congelado solo tubos,tubos de calamar congelados|calamares congelados|chipirones congelados
2747672,"Swordfish, frozen, wild caught",Pez espada congelado,albacora congelada|pez espada salvaje congelado|espada congelado
2747673,"Tuna, ahi or yellowfin, frozen, wild caught",Atún aleta amarilla congelado,atún yellowfin congelado|atún ahi congelado|atún de aleta amarilla
2747674,"Turnips, raw",Nabo crudo,nabos|nabo blanco|turnip
2747675,"Watermelon, seedless, flesh only, raw",Sandía sin semillas solo pulpa,sandía sin pepas|sandía pulpa|sandías|sandía sin semillas
2747676,"Watermelon, seedless, rind only, raw",Sandía sin semillas solo cáscara,cáscara de sandía|corteza de sandía|sandía cáscara
